Estados;Total de Acidentes;Total de Acidentes Fatais;Total de Mortos;Taxa de Acidentes Fatais;Lift
MA;1799;319;371;17,73%;2.49
PA;1570;252;289;16,05%;2.26
AM;200;32;41;16,00%;2.25
RR;188;29;36;15,43%;2.17
AL;887;123;133;13,87%;1.95
TO;1002;129;155;12,87%;1.81
CE;1758;207;234;11,77%;1.66
BA;5820;673;833;11,56%;1.63
PI;2063;209;240;10,13%;1.42
PE;4374;434;477;9,92%;1.39
AC;399;37;37;9,27%;1.3
MS;2335;189;209;8,09%;1.14
GO;4591;359;452;7,82%;1.1
MT;3702;281;331;7,59%;1.07
SE;828;61;71;7,37%;1.04
MG;13326;906;1094;6,80%;0.96
PR;10884;708;819;6,50%;0.91
RN;2228;144;154;6,46%;0.91
PB;2712;172;193;6,34%;0.89
AP;232;14;20;6,03%;0.85
RS;6810;388;466;5,70%;0.8
ES;3620;204;227;5,64%;0.79
RO;2234;126;148;5,64%;0.79
RJ;9072;434;475;4,78%;0.67
SC;11724;515;600;4,39%;0.62
DF;1430;61;70;4,27%;0.6
SP;6515;271;297;4,16%;0.58
