Causa de Acidente;Total de Acidentes;Total de Acidentes Fatais;Total de Mortos;Taxa de Acidentes Fatais;Lift
Suicídio (presumido);254;139;145;54,72%;7.69
Pedestre andava na pista;848;353;358;41,63%;5.85
Transitar na contramão;3487;1022;1336;29,31%;4.12
Entrada inopinada do pedestre;915;266;273;29,07%;4.09
Participar de racha;33;9;10;27,27%;3.83
Pedestre cruzava a pista fora da faixa;743;178;181;23,96%;3.37
Pedestre - Ingestão de álcool/ substâncias psicoativas;197;38;39;19,29%;2.71
Falta de acostamento;83;14;14;16,87%;2.37
Ultrapassagem Indevida;2507;418;550;16,67%;2.34
Área urbana sem a presença de local apropriado para a travessia de pedestres;100;16;16;16,00%;2.25
Restrição de visibilidade em curvas verticais;19;3;3;15,79%;2.22
Deficiência do Sistema de Iluminação/Sinalização;228;35;35;15,35%;2.16
Modificação proibida;13;2;2;15,38%;2.16
Transtornos Mentais (exceto suicidio);87;12;12;13,79%;1.94
Transitar no Acostamento;699;86;92;12,30%;1.73
Iluminação deficiente;206;25;26;12,14%;1.71
Mal súbito do condutor;761;90;106;11,83%;1.66
Semáforo com defeito;9;1;1;11,11%;1.56
Deixar de acionar o farol da motocicleta (ou similar);20;2;2;10,00%;1.41
Curva acentuada;268;25;28;9,33%;1.31
Velocidade Incompatível;5720;530;658;9,27%;1.3
Faróis desregulados;11;1;1;9,09%;1.28
Redutor de velocidade em desacordo;12;1;1;8,33%;1.17
Problema com o freio;350;29;34;8,29%;1.16
Condutor Dormindo;2893;195;261;6,74%;0.95
Ingestão de substâncias psicoativas pelo condutor;91;6;22;6,59%;0.93
Demais falhas na via;398;26;30;6,53%;0.92
Ausência de reação do condutor;16190;1055;1166;6,52%;0.92
Condutor usando celular;260;16;18;6,15%;0.87
Sinalização mal posicionada;82;5;6;6,10%;0.86
Acesso irregular;1114;67;69;6,01%;0.85
Pista esburacada;426;25;31;5,87%;0.83
Animais na Pista;1839;105;113;5,71%;0.8
Neblina;70;4;4;5,71%;0.8
Acessar a via sem observar a presença dos outros veículos;10003;556;596;5,56%;0.78
Ausência de sinalização;261;14;14;5,36%;0.75
Faixas de trânsito com largura insuficiente;19;1;1;5,26%;0.74
Afundamento ou ondulação no pavimento;309;16;18;5,18%;0.73
Objeto estático sobre o leito carroçável;599;31;35;5,18%;0.73
Falta de elemento de contenção que evite a saída do leito carroçável;78;4;5;5,13%;0.72
Ingestão de álcool pelo condutor;5125;250;306;4,88%;0.69
Reação tardia ou ineficiente do condutor;15262;750;844;4,91%;0.69
Conversão proibida;1425;69;76;4,84%;0.68
Retorno proibido;483;23;26;4,76%;0.67
Acostamento em desnível;246;11;11;4,47%;0.63
Manobra de mudança de faixa;5595;244;289;4,36%;0.61
Pista Escorregadia;803;34;49;4,23%;0.6
Carga excessiva e/ou mal acondicionada;356;14;14;3,93%;0.55
Estacionar ou parar em local proibido;257;10;11;3,89%;0.55
Problema na suspensão;52;2;2;3,85%;0.54
Trafegar com motocicleta (ou similar) entre as faixas;1878;72;77;3,83%;0.54
Acumulo de água sobre o pavimento;789;29;39;3,68%;0.52
Chuva;1551;57;71;3,68%;0.52
Desvio temporário;56;2;2;3,57%;0.5
Declive acentuado;29;1;1;3,45%;0.48
Restrição de visibilidade em curvas horizontais;31;1;1;3,23%;0.45
Demais Fenômenos da natureza;111;3;3;2,70%;0.38
Condutor desrespeitou a iluminação vermelha do semáforo;371;9;10;2,43%;0.34
Avarias e/ou desgaste excessivo no pneu;1684;34;40;2,02%;0.28
Desrespeitar a preferência no cruzamento;1760;33;39;1,88%;0.26
Condutor deixou de manter distância do veículo da frente;6192;116;133;1,87%;0.26
Frear bruscamente;512;9;10;1,76%;0.25
Acumulo de areia ou detritos sobre o pavimento;423;7;9;1,65%;0.23
Acumulo de óleo sobre o pavimento;305;5;7;1,64%;0.23
Demais falhas mecânicas ou elétricas;4747;71;90;1,50%;0.21
Transitar na calçada;15;0;0;0,00%;0.0
Sistema de drenagem ineficiente;2;0;0;0,00%;0.0
Fumaça;37;0;0;0,00%;0.0
Sinalização encoberta;4;0;0;0,00%;0.0
